Applicant,Başvuru Sahibi,
Applicant Type,Başvuru Sahibi Türü,
Loan Amount cannot exceed Maximum Loan Amount of {0},Kredi Miktarı Maksimum Kredi Tutarı geçemez {0},
Loan Application,Kredi Başvurusu,
Loan Management,Kredi Yönetimi,
Loan Repayment,Kredi Geri Ödemesi,
Monthly Repayment Amount cannot be greater than Loan Amount,Aylık Geri Ödeme Tutarı Kredi Miktarı daha büyük olamaz,
Payable Amount,Ödenecek Tutar,
Payment Date,Ödeme Tarihi,
Please enter Repayment Periods,Geri Ödeme Süreleri giriniz,
Please enter repayment Amount,Lütfen geri ödeme Tutarını giriniz,
Principal Amount,anapara çiftleri,
Sanctioned Amount,tasdik edilmiş tutarlar,
Approved,Onaylandı,
Account {0} does not belong to company {1},Hesap {0} Şirkete ait değil {1},
Add Loan Security,Kredi Güvenliği Ekleme,
Against Loan,Krediye Karşı,
Against Loan:,Krediye Karşı:,
Amount paid cannot be zero,Ödenen tutarları sıfır olamaz,
Cannot create loan until application is approved,Başvuru onaylanana kadar kredi oluşturulamaz,
Loan Amount exceeds maximum loan amount of {0} as per proposed securities,"Kredi Tutarı, çekilen menkul kıymetlere göre maksimum {0} kredi tutarını aşıyor",
Loan Disbursement,Kredi Masrafı,
Loan Security,Kredi Güvenliği,
Loan Security Pledge,Kredi Güvenliği Taahhüdü,
Loan Security Pledge Created : {0},Kredi Güvenliği Rehin Oluşturuldu: {0},
Loan Security Price,Kredi Güvenliği Fiyatı,
Loan Security Price overlapping with {0},{0} ile örtüşen Kredi Güvenliği Fiyatı,
Loan Security Unpledge,Kredi Güvenliği Bilgisizliği,
Loan Security Value,Kredi Güvenliği Değeri,
Loan amount cannot be greater than {0},Kredi birimleri {0} &#39;dan fazla olamaz,
Loan is mandatory,Kredi ağları,
Penalty Amount,Ceza Tutarı,
Please select Applicant Type first,Lütfen önce Başvuru Türü'nü seçin,
Please select Loan Type for company {0},Lütfen {0} şirketi için Kredi Türü'nü seçin,
Pledge Status,Rehin Durumu,
Pledge Time,Rehin Zamanı,
Proposed Pledges are mandatory for secured Loans,Teminatlı Krediler için verilen rehinlerin dağıtımı hizmetleri,
Qty or Amount is mandatroy for loan security,Miktar veya Miktar kredi güvenliği için zorunlu,
Repayment Method is mandatory for term loans,Vadeli krediler için geri ödeme yöntemleri,
Repayment Start Date is mandatory for term loans,Vadeli krediler için geri ödeme başlangıç tarihi,
Sanctioned Amount limit crossed for {0} {1},{0} {1} için Onaylanan Tutar sınırı aşıldı,
Sanctioned Loan Amount already exists for {0} against company {1},{1} yerleştirme karşı {0} için Onaylanan Kredi Tutarı zaten var,
Valid From Time must be lesser than Valid Upto Time.,"Geçerlilik Süresi, geçerlilik Süresi&#39;nden daha az olmalıdır.",
Loan Amount is mandatory,Kredi Tutarı cezaları,
Loan amount is mandatory,Kredi tutarı zorunlu,
No valid Loan Security Price found for {0},{0} için geçerli bir Kredi Menkul Kıymet Fiyatı bulunamadı,
Loan Account and Payment Account cannot be same,Kredi Hesabı ve Ödeme Hesabı aynı olamaz,
Loan Security Pledge can only be created for secured loans,Kredi Teminat Rehni yalnızca garantili krediler için oluşturulabilir,
Applicant Name,başvuru sahibi adı,
Member,Üye,
Partially Disbursed,Kısmen Ödeme yapılmış,
Loan Closure Requested,Kredi Kapanışı İstendi,
Loan Details,Kredi Detayları,
Loan Type,Kredi Türü,
Loan Amount,Kredi Tutarı,
Is Secured Loan,Teminatlı Kredi,
Rate of Interest (%) / Year,İlgi (%) / Yılın Oranı,
Disbursement Date,Masraf Tarihi,
Disbursed Amount,Masraf Harcama Tutarı,
Is Term Loan,Vadeli Kredi,
Repayment Method,Geri Ödeme Yöntemi,
Repay Fixed Amount per Period,Dönem başına Sabit Tutar Geri Ödeme,
Repay Over Number of Periods,Sürelerinin üzeri sayısı Geri Ödeme,
Repayment Period in Months,Aylar Geri içinde Ödeme Süresi,
Monthly Repayment Amount,Aylık Geri Ödeme Tutarı,
Repayment Start Date,Geri Ödeme Başlangıç Tarihi,
Loan Security Details,Kredi Güvenliği Detayları,
Maximum Loan Value,Maksimum Kredi Değeri,
Account Info,Hesap Bilgisi,
Loan Account,Kredi Hesabı,
Interest Income Account,Faiz Gelir Hesabı,
Penalty Income Account,Ceza Geliri Hesabı,
Repayment Schedule,Geri Ödeme Planı,
Total Payable Amount,Toplam Ödenecek Tutar,
Total Principal Paid,Toplam Ödenen Anapara,
Total Interest Payable,Toplam Ödenecek Faiz,
Total Amount Paid,Toplam Ödenen Tutar,
Loan Manager,Kredi Yöneticisi,
Loan Info,Kredi Bilgisi,
Rate of Interest,Faiz Oranı,
Proposed Pledges,Gelişmiş Rehinler,
Maximum Loan Amount,Maksimum Kredi Tutarı,
Repayment Info,Geri Ödeme Bilgisi,
Total Payable Interest,Toplam Ödenecek Faiz,
Against Loan ,Krediye Karşı,
Loan Interest Accrual,Kredi Faiz Tahakkuku,
Amounts,Tutarlar,
Pending Principal Amount,Bekleyen Anapara Tutarı,
Payable Principal Amount,Ödenecek Anapara Tutarı,
Paid Principal Amount,Ödenen Anapara Tutarı,
Paid Interest Amount,Ödenen Faiz Tutarı,
Process Loan Interest Accrual,Kredi Faiz Tahakkuku Süreci,
Repayment Schedule Name,Geri Ödeme Planı Adı,
Payment Details,Ödeme Detayları,
Interest Payable,Ödenecek Faiz,
Amount Paid,Ödenen Tutar;,
Principal Amount Paid,Ödenen Anapara Tutarı,
Repayment Details,Geri Ödeme Ayrıntıları,
Loan Repayment Detail,Kredi Geri Ödeme Detayı,
Loan Security Name,Kredi Güvenlik Adı,
Unit Of Measure,Ölçü Birimi,
Loan Security Code,Kredi Güvenlik Kodu,
Loan Security Type,Kredi Güvenlik Türü,
Haircut %,Saç Kesimi %,
Loan  Details,Kredi Detayları,
Unpledged,taahhütsüz,
Pledged,Rehin,
Partially Pledged,Kısmen Rehin Verildi,
Securities,senetler,
Total Security Value,Toplam Güvenlik Değeri,
Loan Security Shortfall,Kredi Güvenliği Eksikliği,
Loan ,Kredi ,
Shortfall Time,Eksik Zaman,
America/New_York,Amerika / New_York,
Shortfall Amount,Eksiklik Tutarı,
Security Value ,Güvenlik Değeri,
Process Loan Security Shortfall,Kredi Güvenlik Açığı Süreci,
Loan To Value Ratio,Kredi / Değer Oranı,
Unpledge Time,Rehin Zamanı,
Loan Name,Kredi Adı,
Penalty Interest Rate (%) Per Day,Günlük Ceza Faiz Oranı (%),
Penalty Interest Rate is levied on the pending interest amount on a daily basis in case of delayed repayment ,"Gecikmeli geri ödeme durumunda, günlük olarak alınan faiz oranı tahakkuk eden faiz oranı alınır.",
Grace Period in Days,Gün olarak Ek Süre,
No. of days from due date until which penalty won't be charged in case of delay in loan repayment,"Kredi geri ödemesinde gecikme olması durumunda, vade kurallarından cezanın uygulanmayacağı gün sayısı",
Pledge,Rehin,
Post Haircut Amount,Post Saç Kesimi Miktarı,
Process Type,İşlem türü,
Update Time,Zamanı Güncelle,
Proposed Pledge,Yetenekli Rehin,
Total Payment,Toplam Ödeme,
Balance Loan Amount,Bakiye Kredi Miktarı,
Is Accrued,Tahakkuk Edildi,
Sanctioned Loan Amount,Onaylanan Kredi Tutarı,
Sanctioned Amount Limit,Onaylanan Tutar Sınırı,
Unpledge,Taahhüdü iptal et,
Haircut,Saç Kesimi,
Current Value,Geçerli Değer,
Loan Repayment and Closure,Kredi Geri Ödeme ve Kapanışı,
Loan Security Status,Kredi Güvenlik Durumu,
Disbursement Details,Harcama Ayrıntıları,
Reference No,Referans Numarası,
Haircut percentage is the percentage difference between market value of the Loan Security and the value ascribed to that Loan Security when used as collateral for that loan.,"Kesinti yüzdesi, Kredi Teminatının piyasa değeri ile o kredi için teminat olarak teminat olarak o Kredi Güvencesine atfedilen değer arasındaki yüzde farkıdır.",
Loan To Value Ratio expresses the ratio of the loan amount to the value of the security pledged. A loan security shortfall will be triggered if this falls below the specified value for any loan ,"Kredi Değer Oranı, kredi borçlarının taahhüdünde bulunulan menkul değerin harcanması gerektiğini ifade eder. Herhangi bir kredi için belirtilen değerin altına düşerse bir kredi güvenlik açığı tetiklenir",
Loan Security {0} added multiple times,Kredi Güvenliği {0} birden çok kez eklendi,
Loan Securities with different LTV ratio cannot be pledged against one loan,Farklı LTV kredilerine sahip Kredi Menkul Kıymetleri tek bir krediye karşı rehin olamaz,
Qty or Amount is mandatory for loan security!,Kredi kurtarma için Miktar veya Miktar müşterileri!,
Only submittted unpledge requests can be approved,Yalnızca gönderilmiş makbuz işlemleri onaylanabilir,
Interest Amount or Principal Amount is mandatory,Faiz Tutarı veya Anapara Tutarı yaptırımları,
Disbursed Amount cannot be greater than {0},Ödenen Tutar en fazla {0} olabilir,
Row {0}: Loan Security {1} added multiple times,Satır {0}: Kredi Teminatı {1} birden çok kez eklendi,
Loan Write Off,Kredi İptali,
Loan Write Off,Kredi İptali,
Loan Write Off will be automatically created on loan closure request if pending amount is below this limit,"Kredi kapatma talebinde, bekleyen tutarın bu limitin altında olması durumunda, Kredi Kapatma talebi otomatik olarak oluşturulur",
Disbursement Account,Harcama Hesabı,
Repayment Account,Geri Ödeme Hesabı,
Auto Write Off Amount ,Otomatik Kapatma Tutarı,
30/360,30/360,
30/365,30/365,
Accrual Date,Tahakkuk Tarihi,
Accrual Details,Tahakkuk Detayları,
Accrual Type,Tahakkuk Türü,
Actual/360,Actual/360,
Actual/365,Actual/365,
Actual/Actual,Actual/Actual,
Add To First EMI,İlk EMI'ye Ekle,
Add to First EMI,İlk EMI'ye Ekle,
Add to first repayment,İlk geri ödemeye ekle,
Add to Last EMI,Son EMI'ye Ekle,
Additional Interest,Ek Faiz,
Additional Interest Accounts,Ek Faiz Hesapları,
Additional Interest Accrued,Tahakkuk Eden Ek Faiz,
Additional Interest Amount,Ek Faiz Tutarı,
Additional Interest Income,Ek Faiz Geliri,
Additional Interest Receivable,Ek Faiz Alacağı,
Additional Interest Suspense,Ek Faiz Geçici Hesabı,
Additional Interest Suspense Entry,Ek Faiz Geçici Hesap Kaydı,
Additional Interest Waiver,Ek Faiz Feragati,
Address Details,Adres Detayları,
Address HTML,Adres HTML,
Address Line 1,Adres Satırı 1,
Address Line 2,Adres Satırı 2,
Address Links,Adres Bağlantıları,
Adds the option to have employee loans,Personel kredilerine sahip olma seçeneğini ekler,
Adds unique constraints to the email and phone number fields of the Customer DocType.,Müşteri DocType'ının e-posta ve telefon numarası alanlarına benzersiz kısıtlamalar ekler.,
Adjust within the EMI amount,EMI tutarı içinde düzelt,
Adjusted Amount,Düzeltilen Tutar,
Adjusted Interest,Düzeltilen Faiz,
Adjustment Account,Düzeltme Hesabı,
Adjustment Details,Düzeltme Detayları,
Adjustment Receivable Account,Düzeltme Alacak Hesabı,
Adjustment Type,Düzeltme Türü,
Adjustments,Düzeltmeler,
Advance Payment,Avans Ödemesi,
Age,Yaş,
All entries on and after this date will be reposted,Bu tarihte ve sonrasındaki tüm kayıtlar yeniden kaydedilecektir,
Allocated Date,Tahsis Tarihi,
Allocated Demands,Tahsis Edilen Talepler,
Amortized Over Tenure,Vade Boyunca İtfa Edilir,
Amount on which interest is calculated,Faizin hesaplandığı tutar,
Applicant (Borrower),Başvuru Sahibi (Borçlu),
Applicant Details,Başvuru Sahibi Detayları,
Applicant Email,Başvuru Sahibi E-postası,
Applicant Mobile,Başvuru Sahibi Cep Telefonu,
Applicant Phone Number,Başvuru Sahibi Telefon Numarası,
Application Date,Başvuru Tarihi,
Authentication Details,Kimlik Doğrulama Detayları,
Auto create customer,Otomatik müşteri oluştur,
Auto create disbursement on loan booking,Kredi kaydında otomatik masraf oluştur,
Available Amount,Mevcut Tutar,
Available Limit,Mevcut Limit,
Available Limit Amount,Mevcut Limit Tutarı,
Available Security Deposit,Mevcut Güvenlik Depozitosu,
Available Security Value,Mevcut Güvenlik Değeri,
Balance Amount,Bakiye Tutarı,
Balance Charges,Bakiye Ücretleri,
Balance Overdue Principal,Bakiye Vadesi Geçmiş Anapara,
Base Amount,Baz Tutar,
Basic Details,Temel Detaylar,
Bi-Weekly,İki Haftada Bir,
Billed Separately,Ayrı Faturalandırıldı,
Borrower Portal,Borçlu Portalı,
Both Fixed Deposit and Corporate Guarantee,Hem Vadeli Mevduat Hem Kurumsal Garanti,
BPI,BPI,
BPI Amount Difference,BPI Tutar Farkı,
BPI Difference Date,BPI Fark Tarihi,
BPI Recovery Method,BPI Tahsilat Yöntemi,
BPI Treatment,BPI İşlemi,
Branch Details,Görev Bölümü Detayları,
Broken Period Interest,Kıst Dönem Faizi,
Broken Period Interest Days,Kıst Dönem Faizi Günleri,
Broken Period Interest Recovery Account,Kıst Dönem Faizi Tahsilat Hesabı,
Bulk Repayment Log,Toplu Geri Ödeme Günlüğü,
Business,İşletme,
Cancel Future Accruals and Demands,Gelecek Tahakkukları ve Talepleri İptal Et,
Cancel future EMI Demands,Gelecek EMI Taleplerini İptal Et,
Cancellation Date,İptal Tarihi,
Capitalize,Kapitalize Et,
Capitalize Amount,Kapitalize Edilen Tutar,
Carry Forward,Devret,
Centralized,Merkezi,
Change Date,Değişiklik Tarihi,
Charge,Ücret,
Charge Accounts,Ücret Hesapları,
Charge Amount,Ücret Tutarı,
Charge Based On,Ücret Esası,
Charge Code,Ücret Kodu,
Charge Payment,Ücret Ödemesi,
Charge Type,Ücret Türü,
Charges,Ücretler,
Charges Capitalization,Ücret Kapitalizasyonu,
Charges Overdue,Vadesi Geçmiş Ücretler,
Charges Treatment,Ücret İşlemi,
Charges Waiver,Ücret Feragati,
Charges Waiver Amount,Ücret Feragat Tutarı,
City,Şehir,
Classification Code,Sınıflandırma Kodu,
Classification Name,Sınıflandırma Adı,
Clear demand allocation before repost,Yeniden kayıttan önce talep tahsisini temizle,
Closure Date,Kapanış Tarihi,
Co Lender Schedule,Ortak Kredi Veren Planı,
Co Lending,Ortak Kredilendirme,
Co-Applicants,Müşterek Başvuru Sahipleri,
Co-Lender Schedule,Ortak Kredi Veren Planı,
Collection at partner's percentage,Ortak yüzdesinde tahsilat,
Collection Offset Logic Based On,Tahsilat Mahsup Mantığı Esası,
Collection Offset Sequence,Tahsilat Mahsup Sırası,
Collection Offset Sequence for Settlement Collection,Uzlaşma Tahsilatı için Tahsilat Mahsup Sırası,
Collection Offset Sequence for Standard Asset,Standart Varlık için Tahsilat Mahsup Sırası,
Collection Offset Sequence for Sub Standard Asset,Standart Altı Varlık için Tahsilat Mahsup Sırası,
Collection Offset Sequence for Written Off Asset,Kapatılan Varlık için Tahsilat Mahsup Sırası,
Collection Percentage,Tahsilat Yüzdesi,
Company Collection Percentage,Şirket Tahsilat Yüzdesi,
Company Name,Şirket Adı,
Complete KYC,KYC'yi Tamamla,
Completed Tenure,Tamamlanan Vade,
Components,Bileşenler,
Converted to Application,Başvuruya Dönüştürüldü,
Corporate Guarantee Only,Yalnızca Kurumsal Garanti,
Credit Account,Alacak Hesabı,
Credit Adjustment,Alacak Düzeltmesi,
Credit Adjustment Amount,Alacak Düzeltme Tutarı,
Current Disbursed Amount,Mevcut Harcanan Tutar,
Current Principal Amount,Mevcut Anapara Tutarı,
Current Restructure Count,Mevcut Yeniden Yapılandırma Sayısı,
Customer Refund Account,Müşteri İade Hesabı,
Cyclic Day Of the Month,Ayın Döngüsel Günü,
Date Of Birth,Doğum Tarihi,
Day of every month on which the repayment date is considered,Geri ödeme tarihinin dikkate alındığı her ayın günü,
Days Past Due,Vadesi Geçmiş Günler,
Days Past Due Log,Vadesi Geçmiş Günler Günlüğü,
Days Past Due Threshold,Vadesi Geçmiş Gün Eşiği,
Days Past Due Threshold For Auto Write Off,Otomatik Kapatma için Vadesi Geçmiş Gün Eşiği,
Days Past Due Threshold for NPA,NPA için Vadesi Geçmiş Gün Eşiği,
Debit Adjustment,Borç Düzeltmesi,
Debit Adjustment Amount,Borç Düzeltme Tutarı,
Decentralized,Merkezi Olmayan,
Default Receivable Account,Varsayılan Alacak Hesabı,
Default Suspense Account,Varsayılan Geçici Hesap,
Default Waiver Account,Varsayılan Feragat Hesabı,
Default Write Off Account,Varsayılan Kapatma Hesabı,
Delete GL Entries,GL Kayıtlarını Sil,
Delinked,Bağlantısı Kesildi,
Delinquent Available Limit,Temerrüt Mevcut Limiti,
Delinquent In Process Limit,Temerrüt İşlemdeki Limiti,
Delinquent Limit,Temerrüt Limiti,
Delinquent Limit Amount,Temerrüt Limit Tutarı,
Delinquent Limit Percent,Temerrüt Limit Yüzdesi,
Delinquent Principal Outstanding,Temerrütteki Ödenmemiş Anapara,
Delinquent Utilized Limit,Temerrüt Kullanılan Limiti,
Demand Amount,Talep Tutarı,
Demand Date,Talep Tarihi,
Demand Generated,Talep Oluşturuldu,
Demand Subtype,Talep Alt Türü,
Demand Type,Talep Türü,
Deposit Amount,Depozito Tutarı,
Deposit Date,Depozito Tarihi,
Disbursed,Ödeme Yapıldı,
Disbursement,Masraf,
Disbursement Charges,Masraf Ücretleri,
Disbursement References,Masraf Referansları,
Due Date,Vade Tarihi,
Effective Date,Yürürlük Tarihi,
Email OTP,E-posta OTP,
Email Verification Status,E-posta Doğrulama Durumu,
EMI,EMI,
EMI (PMT) based,EMI (PMT) bazlı,
EMI (Principal + Interest),EMI (Anapara + Faiz),
Employee Loans,Personel Kredileri,
Enable Loan Accounting,Kredi Muhasebesini Etkinleştir,
Enable Partner Accounting,Ortak Muhasebesini Etkinleştir,
End of the current month,Mevcut ayın sonu,
Entries To Cancel,İptal Edilecek Kayıtlar,
Entries To Repost,Yeniden Kaydedilecek Kayıtlar,
Excess Amount,Fazla Tutar,
Excess Amount Acceptance Limit,Fazla Tutar Kabul Limiti,
Excess Amount Paid,Ödenen Fazla Tutar,
Excess amount repayment limit during loan closure,Kredi kapanışı sırasında fazla tutar geri ödeme limiti,
Failed Repayment,Başarısız Geri Ödeme,
Fixed Amount,Sabit Tutar,
Fixed Deposit Only,Yalnızca Vadeli Mevduat,
Flat Interest Rate,Düz Faiz Oranı,
FLDG,FLDG,
FLDG Account,FLDG Hesabı,
FLDG Corporate Guarantee Percentage,FLDG Kurumsal Garanti Yüzdesi,
FLDG Fixed Deposit Percentage,FLDG Vadeli Mevduat Yüzdesi,
FLDG Limit Calculation Component,FLDG Limit Hesaplama Bileşeni,
FLDG Trigger Date,FLDG Tetikleme Tarihi,
FLDG Trigger DPD,FLDG Tetikleme DPD,
FLDG Triggered,FLDG Tetiklendi,
Force Update DPD in Loan,Kredide DPD'yi Zorla Güncelle,
Foreclosure Type,Erken Kapama Türü,
Freeze Account,Hesabı Dondur,
Freeze Date,Dondurma Tarihi,
From Branch,Kaynak Görev Bölümü,
Full Settlement,Tam Uzlaşma,
Full Settlement Job,Tam Uzlaşma İşi,
"If enabled, no interest will be accrued from each disbursement date till the end of the calendar month. Interest accrual will begin from the 1st of the following month.","Etkinleştirilirse, her masraf tarihinden takvim ayının sonuna kadar faiz tahakkuk etmeyecektir. Faiz tahakkuku takip eden ayın 1'inden itibaren başlayacaktır.",
Ignore On Cancel Amount Update,İptalde Tutar Güncellemesini Yoksay,
In Process Limit,İşlemdeki Limit,
Income,Gelir,
Income Account,Gelir Hesabı,
Incoming,Gelen,
Individual,Bireysel,
Initiate,Başlat,
Initiated,Başlatıldı,
Interest Accounts,Faiz Hesapları,
Interest Accrued Account,Tahakkuk Eden Faiz Hesabı,
Interest Adjustment,Faiz Düzeltmesi,
Interest Capitalization,Faiz Kapitalizasyonu,
Interest Carry Forward,Faiz Devri,
Interest Day-Count Convention,Faiz Gün Sayım Yöntemi,
Interest Overdue,Vadesi Geçmiş Faiz,
Interest Receivable Account,Faiz Alacak Hesabı,
Interest Treatment,Faiz İşlemi,
Interest Type,Faiz Türü,
Interest Waiver,Faiz Feragati,
Interest Waiver Account,Faiz Feragat Hesabı,
Interest Waiver Amount,Faiz Feragat Tutarı,
Internal Foreclosure,Dahili Erken Kapama,
Invoice Date,Fatura Tarihi,
IRAC Provisioning Configuration,IRAC Karşılık Yapılandırması,
Is Backdated,Geriye Dönük mü,
Is Excess Amount Refund,Fazla Tutar İadesi mi,
Is Imported,İçe Aktarıldı mı,
Is Invoice generated,Fatura oluşturuldu mu,
Is NPA,NPA mı,
Is Partial Pre-Paid Interest,Kısmi Ön Ödemeli Faiz mi,
Is Security Amount Refund,Güvenlik Tutarı İadesi mi,
Is Settlement Write Off,Uzlaşma Kapatması mı,
Is Write Off Waiver,Kapatma Feragati mi,
Is Written Off,Kapatıldı mı,
KYC Complete,KYC Tamamlandı,
KYC Pending,KYC Bekliyor,
Last Accrual Date,Son Tahakkuk Tarihi,
Lead Source,Müşteri Adayı Kaynağı,
Lending,Kredilendirme,
Lending Settings,Kredilendirme Ayarları,
Limit Amount,Limit Tutarı,
Limit Applicable End,Limit Uygulama Bitişi,
Limit Applicable Start,Limit Uygulama Başlangıcı,
Limit Percent,Limit Yüzdesi,
Limit Renewal,Limit Yenileme,
Limits,Limitler,
Line of Credit,Kredi Hattı,
Loan Accounts,Kredi Hesapları,
Loan Accrual Frequency,Kredi Tahakkuk Sıklığı,
Loan Accrual Repost,Kredi Tahakkuk Yeniden Kaydı,
Loan Accrual Repost Detail,Kredi Tahakkuk Yeniden Kayıt Detayı,
Loan Adjustment,Kredi Düzeltmesi,
Loan Adjustment Detail,Kredi Düzeltme Detayı,
Loan Amount Details,Kredi Tutarı Detayları,
Loan Amount Percentage,Kredi Tutarı Yüzdesi,
Loan Application Document,Kredi Başvuru Belgesi,
Loan Balance Adjustment,Kredi Bakiye Düzeltmesi,
Loan Booking,Kredi Kaydı,
Loan Booking Charges,Kredi Kayıt Ücretleri,
Loan Category,Kredi Kategorisi,
Loan Category Code,Kredi Kategori Kodu,
Loan Category Name,Kredi Kategori Adı,
Loan Charge Reference,Kredi Ücret Referansı,
Loan Charges,Kredi Ücretleri,
Loan Classification,Kredi Sınıflandırması,
Loan Classification Details,Kredi Sınıflandırma Detayları,
Loan Classification Range,Kredi Sınıflandırma Aralığı,
Loan Classification Ranges,Kredi Sınıflandırma Aralıkları,
Loan Closure,Kredi Kapanışı,
Loan Co-Applicants,Kredi Müşterek Başvuru Sahipleri,
Loan Credit Limits,Kredi Limitleri,
Loan Defaults,Kredi Varsayılanları,
Loan Demand,Kredi Talebi,
Loan Demand Details,Kredi Talebi Detayları,
Loan Demand Offset Detail,Kredi Talebi Mahsup Detayı,
Loan Demand Offset Order,Kredi Talebi Mahsup Sırası,
Loan Disbursement Charge,Kredi Masraf Ücreti,
Loan Disbursement Charges,Kredi Masraf Ücretleri,
Loan Disbursement ID,Kredi Masraf Kimliği,
Loan Document Type,Kredi Belge Türü,
Loan Freeze Log,Kredi Dondurma Günlüğü,
Loan Import Details,Kredi İçe Aktarma Detayları,
Loan IRAC Provisioning Configuration,Kredi IRAC Karşılık Yapılandırması,
Loan is a Non Performing Asset,"Kredi, Takipteki Bir Varlıktır",
Loan Lead,Kredi Müşteri Adayı,
Loan Limit Change Log,Kredi Limit Değişiklik Günlüğü,
Loan NPA Log,Kredi NPA Günlüğü,
Loan Origination,Kredi Tahsisi,
Loan Origination Settings,Kredi Tahsisi Ayarları,
Loan Partner,Kredi Ortağı,
Loan Partner Address,Kredi Ortağı Adresi,
Loan Partner Adhoc Charges Shared,Kredi Ortağı Paylaşılan Ad Hoc Ücretler,
Loan Partner Details,Kredi Ortağı Detayları,
Loan Partner Interest Rate,Kredi Ortağı Faiz Oranı,
Loan Partner Payment Ratio,Kredi Ortağı Ödeme Oranı,
Loan Partner Rate Of Interest,Kredi Ortağı Faiz Oranı,
Loan Partner Repayment Schedule Type,Kredi Ortağı Geri Ödeme Planı Türü,
Loan Partner Share Details,Kredi Ortağı Pay Detayları,
Loan Partner Share Percentage,Kredi Ortağı Pay Yüzdesi,
Loan Partner Shareable,Kredi Ortağı Paylaşılabilir,
Loan Partners,Kredi Ortakları,
Loan Product,Kredi Ürünü,
Loan Product Loan Partner,Kredi Ürünü Kredi Ortağı,
Loan Purpose,Kredi Amacı,
Loan Refund,Kredi İadesi,
Loan Repayment Charges,Kredi Geri Ödeme Ücretleri,
Loan Repayment Entries,Kredi Geri Ödeme Kayıtları,
Loan Repayment Repost,Kredi Geri Ödeme Yeniden Kaydı,
Loan Repayment Repost Cancel Detail,Kredi Geri Ödeme Yeniden Kayıt İptal Detayı,
Loan Repayment Repost Detail,Kredi Geri Ödeme Yeniden Kayıt Detayı,
Loan Repayment Schedule,Kredi Geri Ödeme Planı,
Loan Repayment Schedule Detail,Kredi Geri Ödeme Planı Detayı,
Loan Repayment Type,Kredi Geri Ödeme Türü,
Loan Restructure,Kredi Yeniden Yapılandırma,
Loan Restructure Charges,Kredi Yeniden Yapılandırma Ücretleri,
Loan Restructure Count,Kredi Yeniden Yapılandırma Sayısı,
Loan Restructure Details,Kredi Yeniden Yapılandırma Detayları,
Loan Restructure Limit Log,Kredi Yeniden Yapılandırma Limit Günlüğü,
Loan Security Assignment,Kredi Güvenlik Ataması,
Loan Security Deposit,Kredi Güvenlik Depozitosu,
Loan Security Release,Kredi Güvenlik Serbest Bırakma,
Loan Settings,Kredi Ayarları,
Loan Transfer,Kredi Transferi,
Loan Transfer Detail,Kredi Transfer Detayı,
Loans,Krediler,
Loans will be marked as NPA when the days past due count exceed this threshold,Vadesi geçmiş gün sayısı bu eşiği aştığında krediler NPA olarak işaretlenecektir,
Manual Foreclosure,Manuel Erken Kapama,
Manual NPA,Manuel NPA,
Manual Remarks,Manuel Açıklamalar,
Manually marked as NPA,Manuel olarak NPA işaretlendi,
Maturity Date,Vade Bitiş Tarihi,
Max DPD Range,Maksimum DPD Aralığı,
Maximum Limit Amount,Maksimum Limit Tutarı,
Migration Date,Geçiş Tarihi,
Min DPD Range,Minimum DPD Aralığı,
Minimum days between Disbursement date and first Repayment date,Masraf tarihi ile ilk Geri Ödeme tarihi arasındaki minimum gün sayısı,
Minimum Partner Loan Amount Percentage,Minimum Ortak Kredi Tutarı Yüzdesi,
Misc,Çeşitli,
Mobile Verification Status,Cep Telefonu Doğrulama Durumu,
Monthly as per cycle date,Döngü tarihine göre aylık,
Monthly as per repayment start date,Geri ödeme başlangıç tarihine göre aylık,
Moratorium Details,Moratoryum Detayları,
Moratorium End Date,Moratoryum Bitiş Tarihi,
Moratorium Tenure,Moratoryum Vadesi,
Moratorium Type,Moratoryum Türü,
New Loan Amount,Yeni Kredi Tutarı,
New Monthly Repayment Amount,Yeni Aylık Geri Ödeme Tutarı,
New Rate Of Interest,Yeni Faiz Oranı,
New Repayment Method,Yeni Geri Ödeme Yöntemi,
New Repayment Period in Months,Ay Cinsinden Yeni Geri Ödeme Süresi,
New Repayment Start Date,Yeni Geri Ödeme Başlangıç Tarihi,
No Interest Accrual Till Month End,Ay Sonuna Kadar Faiz Tahakkuku Yok,
Normal,Normal,
Normal Interest,Normal Faiz,
Normal Interest Journal Entry,Normal Faiz Yevmiye Kaydı,
Normal Limit,Normal Limit,
Normal Repayment,Normal Geri Ödeme,
Normal Restructure,Normal Yeniden Yapılandırma,
NPA,NPA,
NPA Date,NPA Tarihi,
NPA Flag,NPA Bayrağı,
Number Of Days,Gün Sayısı,
Old EMI,Eski EMI,
Old Loan Amount,Eski Kredi Tutarı,
Old Rate of Interest,Eski Faiz Oranı,
Old Repayment Frequency,Eski Geri Ödeme Sıklığı,
Old Tenure,Eski Vade,
On top of first EMI,İlk EMI'nin üzerine,
One Time,Tek Seferlik,
Opening Additional Outstanding,Açılış Ödenmemiş Ek Tutar,
Opening Charge Outstanding,Açılış Ödenmemiş Ücret,
Opening Interest Outstanding,Açılış Ödenmemiş Faiz,
Opening Penalty Outstanding,Açılış Ödenmemiş Ceza,
Opening Principal Outstanding,Açılış Ödenmemiş Anapara,
Organization Type,Kuruluş Türü,
Original Security Value,Orijinal Güvenlik Değeri,
Outdated,Güncel Değil,
Outstanding Principal,Ödenmemiş Anapara,
Outstanding Principal & Interest Accrued,Ödenmemiş Anapara ve Tahakkuk Eden Faiz,
Own Ratio,Kendi Oranı,
PAN,PAN,
Partial Payment Mechanism,Kısmi Ödeme Mekanizması,
Partial Settlement,Kısmi Uzlaşma,
Particulars,Ayrıntılar,
Partner Base Interest Rate,Ortak Baz Faiz Oranı,
Partner Code,Ortak Kodu,
Partner Collection Percentage,Ortak Tahsilat Yüzdesi,
Partner Interest Share,Ortak Faiz Payı,
Partner Loan Amount Percentage,Ortak Kredi Tutarı Yüzdesi,
Partner Loan Share Percentage,Ortak Kredi Pay Yüzdesi,
Partner Monthly Repayment Amount,Ortak Aylık Geri Ödeme Tutarı,
Partner Name,Ortak Adı,
Partner Percentage,Ortak Yüzdesi,
Partner Ratio,Ortak Oranı,
Partner Repayment Schedule Type,Ortak Geri Ödeme Planı Türü,
Partner Share,Ortak Payı,
Partner Share Allocated,Ayrılan Ortak Payı,
Payable Charges,Ödenecek Ücretler,
Payment Reference,Ödeme Referansı,
Payment References,Ödeme Referansları,
Penal Interest,Cezai Faiz,
Penal Interest Waiver,Cezai Faiz Feragati,
Penal Treatment,Cezai İşlem,
Penalty,Ceza,
Penalty Accrued Account,Tahakkuk Eden Ceza Hesabı,
Penalty Capitalization,Ceza Kapitalizasyonu,
Penalty Charges Accounts,Ceza Ücretleri Hesapları,
Penalty Charges Rate,Ceza Ücretleri Oranı,
Penalty Interest Rate (%),Ceza Faiz Oranı (%),
Penalty Interest Rate is levied on the pending amount on a daily basis in case of delayed repayment,"Gecikmiş geri ödeme durumunda, Ceza Faiz Oranı bekleyen tutar üzerinden günlük olarak uygulanır",
Penalty Overdue,Vadesi Geçmiş Ceza,
Penalty Receivable Account,Ceza Alacak Hesabı,
Penalty Suspense Account,Ceza Geçici Hesabı,
Penalty Waiver,Ceza Feragati,
Penalty Waiver Account,Ceza Feragat Hesabı,
Pending Charge Amount,Bekleyen Ücret Tutarı,
Pledge Requested,Rehin Talep Edildi,
Portal Logo,Portal Logosu,
POS reduction plus interest at partner ROI,POS azaltımı artı ortak ROI üzerinden faiz,
Post Restructure Charge (No Existing Demand),Yeniden Yapılandırma Sonrası Ücret (Mevcut Talep Yok),
Posting Date (End Date),Kayıt Tarihi (Bitiş Tarihi),
Pre Payment,Ön Ödeme,
Pre Payment Charges,Ön Ödeme Ücretleri,
Pre Restructure Details,Yeniden Yapılandırma Öncesi Detaylar,
Pre Restructure DPD,Yeniden Yapılandırma Öncesi DPD,
Pre-Qualification,Ön Yeterlilik,
Pre-Qualified,Ön Yeterli,
Prepayment Charges,Ön Ödeme Ücretleri,
Primary Applicant Address Details,Birincil Başvuru Sahibi Adres Detayları,
Primary Applicant Contact Info,Birincil Başvuru Sahibi İletişim Bilgisi,
Primary Applicant Details,Birincil Başvuru Sahibi Detayları,
Principal,Anapara,
Principal Adjusted,Düzeltilen Anapara,
Principal Adjustment,Anapara Düzeltmesi,
Principal Capitalization,Anapara Kapitalizasyonu,
Principal Outstanding,Ödenmemiş Anapara,
Principal Overdue,Vadesi Geçmiş Anapara,
Pro-rated calendar months,Orantılı takvim ayları,
Process Loan Classification,Kredi Sınıflandırma Süreci,
Process Loan Demand,Kredi Talebi Süreci,
Process Loan Restructure Limit,Kredi Yeniden Yapılandırma Limit Süreci,
Product Code,Ürün Kodu,
Product Name,Ürün Adı,
Proposed Tenure,Önerilen Vade,
Provision Rate,Karşılık Oranı,
Qualified,Yeterli,
Quantity,Miktar,
Rate Of Interest,Faiz Oranı,
Rate of Interest (%) Yearly,Faiz Oranı (%) Yıllık,
Ratio,Oran,
Reason For Freezing,Dondurma Nedeni,
Reason for Restructure,Yeniden Yapılandırma Nedeni,
Receivable Account,Alacak Hesabı,
Reference Date,Referans Tarihi,
Reference Number,Referans Numarası,
Refund,İade,
Refund Account,İade Hesabı,
Refund amount,İade Tutarı,
Refund Amount,İade Tutarı,
Refund Date,İade Tarihi,
Refund Details,İade Detayları,
Regular,Düzenli,
Release Requested,Serbest Bırakma Talep Edildi,
Release Time,Serbest Bırakma Zamanı,
Repayment,Geri Ödeme,
Repayment Date On,Geri Ödeme Tarihi,
Repayment Frequency,Geri Ödeme Sıklığı,
Repayment Period In Months,Ay Cinsinden Geri Ödeme Süresi,
Repayment Periods,Geri Ödeme Dönemleri,
Repayment Schedule Detail,Geri Ödeme Planı Detayı,
Repayment Schedule Type,Geri Ödeme Planı Türü,
Repayment Type,Geri Ödeme Türü,
Repossessed,Geri Alındı,
Repost Date,Yeniden Kayıt Tarihi,
Requested,Talep Edildi,
Rescheduled,Yeniden Planlandı,
Restructure Charge Amount (No Existing Demand),Yeniden Yapılandırma Ücret Tutarı (Mevcut Talep Yok),
Restructure Charges,Yeniden Yapılandırma Ücretleri,
Restructure Date,Yeniden Yapılandırma Tarihi,
Restructure Limit % (Overall),Yeniden Yapılandırma Limiti % (Genel),
Restructure of Loans applicable,Kredilerin Yeniden Yapılandırılması uygulanabilir,
Restructure Type,Yeniden Yapılandırma Türü,
Restructured,Yeniden Yapılandırıldı,
Run Basic Rules,Temel Kuralları Çalıştır,
Run Knockout Rules,Eleme Kurallarını Çalıştır,
Run Pre-Qualification Rules,Ön Yeterlilik Kurallarını Çalıştır,
Salaried,Maaşlı,
Same as regular interest accounts,Düzenli faiz hesapları ile aynı,
Scrubbing,Veri Temizleme,
Secured,Teminatlı,
Security Deposit Account,Güvenlik Depozitosu Hesabı,
Security Deposit Adjustment,Güvenlik Depozitosu Düzeltmesi,
Security Type,Güvenlik Türü,
Select whether the repayment date should be the end of the current month or start of the upcoming month,Geri ödeme tarihinin mevcut ayın sonu mu yoksa gelecek ayın başı mı olması gerektiğini seçin,
Self-employed,Serbest Meslek,
Semi-Secured,Yarı Teminatlı,
Servicer Fee,Hizmet Sağlayıcı Ücreti,
Settlement Date,Uzlaşma Tarihi,
Shareable Type,Paylaşılabilir Türü,
Shareables,Paylaşılabilirler,
Sharing Parameter,Paylaşım Parametresi,
Shortfall Percentage,Eksiklik Yüzdesi,
SMS OTP,SMS OTP,
Start of the next month,Sonraki ayın başı,
Subsidy Adjustment Account,Sübvansiyon Düzeltme Hesabı,
Subsidy Adjustments,Sübvansiyon Düzeltmeleri,
Suspense Account,Geçici Hesap,
Suspense Collection Account,Geçici Tahsilat Hesabı,
Suspense Interest Income,Geçici Faiz Geliri,
Tenure,Vade,
Tenure Post Restructure,Yeniden Yapılandırma Sonrası Vade,
Term Details,Vade Detayları,
The schedule type that will be used for generating the term loan schedules (will affect the payment date and monthly repayment amount),Vadeli kredi planlarını oluşturmak için kullanılacak plan türü (ödeme tarihini ve aylık geri ödeme tutarını etkileyecektir),
To Branch,Hedef Görev Bölümü,
Total Charges Paid,Toplam Ödenen Ücretler,
Total Charges Payable,Toplam Ödenecek Ücretler,
Total EMI Charges,Toplam EMI Ücretleri,
Total Installments Overdue,Vadesi Geçmiş Toplam Taksitler,
Total Installments Paid,Toplam Ödenen Taksitler,
Total Installments Raised,Toplam Oluşturulan Taksitler,
Total Interest Paid,Toplam Ödenen Faiz,
Total Overdue Amount,Toplam Vadesi Geçmiş Tutar,
Total Partner Interest Share,Toplam Ortak Faiz Payı,
Total Partner Principal Share,Toplam Ortak Anapara Payı,
Total Penalty Paid,Toplam Ödenen Ceza,
Traceback,Geri İzleme,
Tranche Number,Dilim Numarası,
Treatment of charge,Ücretin İşlenmesi,
Treatment Of Interest,Faizin İşlenmesi,
Treatment of Interest,Faizin İşlenmesi,
Type of FLDG Applicable,Uygulanabilir FLDG Türü,
Unaccrued Interest,Tahakkuk Etmemiş Faiz,
Unaccrued Interest Treatment,Tahakkuk Etmemiş Faiz İşlemi,
Unaccrued Interest Waiver,Tahakkuk Etmemiş Faiz Feragati,
Unbooked Interest Paid,Kaydedilmemiş Ödenen Faiz,
Unbooked Penalty Paid,Kaydedilmemiş Ödenen Ceza,
Unfreeze Date,Dondurma Kaldırma Tarihi,
Unique Customer,Benzersiz Müşteri,
Unmark NPA,NPA İşaretini Kaldır,
Unsecured,Teminatsız,
Upfront Deduction,Peşin Kesinti,
Utilized Limit,Kullanılan Limit,
Utilized Limit Amount,Kullanılan Limit Tutarı,
Utilized Security Value,Kullanılan Güvenlik Değeri,
Valid From,Geçerlilik Başlangıcı,
Valid Upto,Geçerlilik Bitişi,
Validate Normal Repayment,Normal Geri Ödemeyi Doğrula,
Value Change,Değer Değişikliği,
Value Date,Valör Tarihi,
Value Type,Değer Türü,
Waive Off Restructure Charges,Yeniden Yapılandırma Ücretlerinden Feragat Et,
Waived Amount,Feragat Edilen Tutar,
Waiver Account,Feragat Hesabı,
Waiving of Charges applicable,Ücretlerden Feragat uygulanabilir,
Watch Period End Date,İzleme Dönemi Bitiş Tarihi,
Watch Period Post Loan Restructure (In Days),Kredi Yeniden Yapılandırma Sonrası İzleme Dönemi (Gün),
Will do a deduplication check and auto create a customer when a lead is converted to applicaiton,Bir müşteri adayı başvuruya dönüştürüldüğünde tekilleştirme kontrolü yapar ve otomatik olarak bir müşteri oluşturur,
Withhold Security Deposit,Güvenlik Depozitosunu Alıkoy,
Write Off Account,Kapatma Hesabı,
Write Off Accounts,Kapatma Hesapları,
Write Off Amount,Kapatma Tutarı,
Write Off Details,Kapatma Detayları,
Write Off Recovery,Kapatma Tahsilatı,
Write Off Recovery Account,Kapatma Tahsilat Hesabı,
Write Off Settlement,Kapatma Uzlaşması,
Written Off,Kapatıldı,
Written Off Amount,Kapatılan Tutar,
ZIP Code,Posta Kodu,
Mise en route — Crédit (Lending),Başlarken — Kredi (Lending),
Du produit de prêt au remboursement,Kredi ürününden geri ödemeye,
Configuration terminée — vous êtes prêt !,Yapılandırma tamamlandı — hazırsınız!,
Vérifier les classifications (règlement 14-03),Sınıflandırmaları kontrol et (14-03 sayılı düzenleme),
"## Classifications Banque d'Algérie 14-03
4 classes : **Courantes → Problèmes Potentiels → Très Risquées → Compromises**, déjà configurées avec leurs plages par société.","## Cezayir Merkez Bankası 14-03 Sınıflandırmaları
4 sınıf: **Cari → Potansiyel Sorunlu → Yüksek Riskli → Batık**, şirket bazında aralıklarıyla birlikte önceden yapılandırılmıştır.",
Voir les classifications,Sınıflandırmaları görüntüle,
Décaisser le prêt,Krediyi kullandır,
"## Décaissement
Génère l'**échéancier de remboursement** et les **intérêts courus** à partir de la **date de décaissement**.","## Kullandırım
**Kullandırım tarihinden** itibaren **geri ödeme planını** ve **tahakkuk eden faizleri** oluşturur.",
Décaisser,Kullandır,
Créer une demande de prêt,Kredi talebi oluştur,
"## Demande de prêt
Demandeur, produit, montant. À **approuver** avant de créer le prêt.","## Kredi Talebi
Talep eden, ürün, tutar. Kredi oluşturulmadan önce **onaylanmalıdır**.",
Nouvelle demande,Yeni talep,
Créer le prêt,Krediyi oluştur,
"## Prêt
Créé depuis la demande approuvée. Vérifiez le **taux**, la **durée**, la **date de décaissement**.","## Kredi
Onaylanmış talepten oluşturulur. **Oranı**, **vadeyi** ve **kullandırım tarihini** kontrol edin.",
Configurer un produit de prêt,Kredi ürünü yapılandır,
"## Produit de prêt
Définissez **taux**, **durée**, et les **comptes** (décaissement, intérêts, à recevoir, pénalités, suspens). Comptes non typés *Receivable* pour l'écriture sans tiers.","## Kredi Ürünü
**Oranı**, **vadeyi** ve **hesapları** (kullandırım, faiz, alacak, ceza, askı) tanımlayın. Taraf içermeyen kayıt için hesaplar *Receivable* türünde olmamalıdır.",
Créer un produit de prêt,Kredi ürünü oluştur,
Enregistrer un remboursement,Geri ödeme kaydet,
"## Remboursement
Impute le paiement (principal, intérêts, pénalités) selon la séquence d'imputation.","## Geri Ödeme
Ödemeyi (anapara, faiz, ceza) mahsup sırasına göre dağıtır.",
